{"cameraMode":{"drawMode":0,"name":"Shaded","section":"Shading Mode"},"sceneLighting":true,"audioPlay":false,"sceneViewState":{"m_AlwaysRefresh":false,"showFog":true,"showSkybox":true,"showFlares":true,"showImageEffects":true,"showParticleSystems":true,"showVisualEffectGraphs":true,"m_FxEnabled":true},"in2DMode":false,"pivot":{"x":465.95635986328127,"y":189.02622985839845,"z":-404.2394714355469},"rotation":{"x":0.0029997313395142557,"y":0.013499531894922257,"z":-0.00004050921052112244,"w":0.9999046921730042},"size":93.12482452392578,"orthographic":false}